production_month,scrubber_number,effect_id,effect_hours
2025-05,1,cos_inventory_low_level,19.868611
2025-05,1,scrubbing_or_screening,23.600833
2025-05,1,desands_plant,12.798889
2025-05,1,plant_ramp_up_or_down,8.713056
2025-05,1,tertiary_crushing,9.787778
2025-05,1,tails_circuit,0.0
2025-05,1,other_observed_effects,0.135556
2025-05,2,cos_inventory_low_level,31.381667
2025-05,2,scrubbing_or_screening,63.846944
2025-05,2,desands_plant,19.890278
2025-05,2,plant_ramp_up_or_down,27.311944
2025-05,2,tertiary_crushing,10.858056
2025-05,2,tails_circuit,0.0
2025-05,2,other_observed_effects,7.104167
2025-05,3,cos_inventory_low_level,33.740556
2025-05,3,scrubbing_or_screening,31.200556
2025-05,3,desands_plant,17.024167
2025-05,3,plant_ramp_up_or_down,22.387222
2025-05,3,tertiary_crushing,8.007222
2025-05,3,tails_circuit,0.0
2025-05,3,other_observed_effects,0.0
2025-05,4,cos_inventory_low_level,31.546944
2025-05,4,scrubbing_or_screening,34.001667
2025-05,4,desands_plant,16.745
2025-05,4,plant_ramp_up_or_down,21.925833
2025-05,4,tertiary_crushing,6.835833
2025-05,4,tails_circuit,0.0
2025-05,4,other_observed_effects,0.058333
2025-05,5,cos_inventory_low_level,32.793611
2025-05,5,scrubbing_or_screening,52.476111
2025-05,5,desands_plant,23.509444
2025-05,5,plant_ramp_up_or_down,24.883889
2025-05,5,tertiary_crushing,10.615556
2025-05,5,tails_circuit,0.0
2025-05,5,other_observed_effects,0.264167
2025-06,1,cos_inventory_low_level,8.369444
2025-06,1,scrubbing_or_screening,73.306944
2025-06,1,desands_plant,51.530556
2025-06,1,plant_ramp_up_or_down,8.295833
2025-06,1,tertiary_crushing,2.601389
2025-06,1,tails_circuit,0.0
2025-06,1,other_observed_effects,8.4625
2025-06,2,cos_inventory_low_level,8.263611
2025-06,2,scrubbing_or_screening,39.044444
2025-06,2,desands_plant,56.0
2025-06,2,plant_ramp_up_or_down,7.381944
2025-06,2,tertiary_crushing,2.138889
2025-06,2,tails_circuit,0.0
2025-06,2,other_observed_effects,6.973611
2025-06,3,cos_inventory_low_level,8.893056
2025-06,3,scrubbing_or_screening,32.801389
2025-06,3,desands_plant,52.173889
2025-06,3,plant_ramp_up_or_down,6.616667
2025-06,3,tertiary_crushing,1.919444
2025-06,3,tails_circuit,0.0
2025-06,3,other_observed_effects,6.981944
2025-06,4,cos_inventory_low_level,10.855556
2025-06,4,scrubbing_or_screening,30.768056
2025-06,4,desands_plant,40.498611
2025-06,4,plant_ramp_up_or_down,7.173611
2025-06,4,tertiary_crushing,1.908333
2025-06,4,tails_circuit,0.0
2025-06,4,other_observed_effects,6.390278
2025-06,5,cos_inventory_low_level,9.569444
2025-06,5,scrubbing_or_screening,94.595833
2025-06,5,desands_plant,26.766667
2025-06,5,plant_ramp_up_or_down,4.231944
2025-06,5,tertiary_crushing,2.097222
2025-06,5,tails_circuit,0.1
2025-06,5,other_observed_effects,7.675
2025-07,1,cos_inventory_low_level,67.018056
2025-07,1,scrubbing_or_screening,104.6875
2025-07,1,desands_plant,26.531944
2025-07,1,plant_ramp_up_or_down,7.4375
2025-07,1,tertiary_crushing,1.704167
2025-07,1,tails_circuit,0.0
2025-07,1,other_observed_effects,30.552778
2025-07,2,cos_inventory_low_level,61.191667
2025-07,2,scrubbing_or_screening,99.656944
2025-07,2,desands_plant,24.231944
2025-07,2,plant_ramp_up_or_down,8.854167
2025-07,2,tertiary_crushing,1.676389
2025-07,2,tails_circuit,0.0
2025-07,2,other_observed_effects,29.3125
2025-07,3,cos_inventory_low_level,66.604167
2025-07,3,scrubbing_or_screening,74.388889
2025-07,3,desands_plant,31.613889
2025-07,3,plant_ramp_up_or_down,9.805556
2025-07,3,tertiary_crushing,1.305556
2025-07,3,tails_circuit,0.0
2025-07,3,other_observed_effects,27.647222
2025-07,4,cos_inventory_low_level,77.059722
2025-07,4,scrubbing_or_screening,55.583333
2025-07,4,desands_plant,28.888889
2025-07,4,plant_ramp_up_or_down,7.425
2025-07,4,tertiary_crushing,2.606944
2025-07,4,tails_circuit,0.0
2025-07,4,other_observed_effects,26.547222
2025-07,5,cos_inventory_low_level,77.227778
2025-07,5,scrubbing_or_screening,91.861111
2025-07,5,desands_plant,24.838889
2025-07,5,plant_ramp_up_or_down,7.727778
2025-07,5,tertiary_crushing,1.656944
2025-07,5,tails_circuit,0.0
2025-07,5,other_observed_effects,30.048611
2025-08,1,cos_inventory_low_level,69.968056
2025-08,1,scrubbing_or_screening,9.188889
2025-08,1,desands_plant,3.323611
2025-08,1,plant_ramp_up_or_down,7.244444
2025-08,1,tertiary_crushing,2.4125
2025-08,1,tails_circuit,0.329167
2025-08,1,other_observed_effects,0.0
2025-08,2,cos_inventory_low_level,70.866667
2025-08,2,scrubbing_or_screening,10.852778
2025-08,2,desands_plant,2.398611
2025-08,2,plant_ramp_up_or_down,7.226389
2025-08,2,tertiary_crushing,2.680556
2025-08,2,tails_circuit,0.315278
2025-08,2,other_observed_effects,0.0
2025-08,3,cos_inventory_low_level,65.988889
2025-08,3,scrubbing_or_screening,9.841667
2025-08,3,desands_plant,3.640278
2025-08,3,plant_ramp_up_or_down,8.144444
2025-08,3,tertiary_crushing,2.2125
2025-08,3,tails_circuit,0.329167
2025-08,3,other_observed_effects,0.0
2025-08,4,cos_inventory_low_level,0.0
2025-08,4,scrubbing_or_screening,0.0
2025-08,4,desands_plant,0.0
2025-08,4,plant_ramp_up_or_down,0.0
2025-08,4,tertiary_crushing,0.0
2025-08,4,tails_circuit,0.0
2025-08,4,other_observed_effects,0.0
2025-08,5,cos_inventory_low_level,67.644444
2025-08,5,scrubbing_or_screening,6.276389
2025-08,5,desands_plant,2.644444
2025-08,5,plant_ramp_up_or_down,5.195833
2025-08,5,tertiary_crushing,2.293056
2025-08,5,tails_circuit,0.329167
2025-08,5,other_observed_effects,0.0
2025-09,1,cos_inventory_low_level,76.661111
2025-09,1,scrubbing_or_screening,13.145833
2025-09,1,desands_plant,9.402778
2025-09,1,plant_ramp_up_or_down,6.781944
2025-09,1,tertiary_crushing,5.129167
2025-09,1,tails_circuit,0.336111
2025-09,1,other_observed_effects,6.309722
2025-09,2,cos_inventory_low_level,78.080556
2025-09,2,scrubbing_or_screening,27.591667
2025-09,2,desands_plant,11.606944
2025-09,2,plant_ramp_up_or_down,7.294444
2025-09,2,tertiary_crushing,7.438889
2025-09,2,tails_circuit,0.620833
2025-09,2,other_observed_effects,5.466667
2025-09,3,cos_inventory_low_level,83.9125
2025-09,3,scrubbing_or_screening,40.636111
2025-09,3,desands_plant,13.436111
2025-09,3,plant_ramp_up_or_down,6.938889
2025-09,3,tertiary_crushing,6.725
2025-09,3,tails_circuit,0.491667
2025-09,3,other_observed_effects,5.219444
2025-09,4,cos_inventory_low_level,47.040278
2025-09,4,scrubbing_or_screening,28.093056
2025-09,4,desands_plant,8.883333
2025-09,4,plant_ramp_up_or_down,6.322222
2025-09,4,tertiary_crushing,6.056944
2025-09,4,tails_circuit,0.923611
2025-09,4,other_observed_effects,7.043056
2025-09,5,cos_inventory_low_level,81.143056
2025-09,5,scrubbing_or_screening,28.75
2025-09,5,desands_plant,14.613889
2025-09,5,plant_ramp_up_or_down,5.754167
2025-09,5,tertiary_crushing,8.095833
2025-09,5,tails_circuit,0.915278
2025-09,5,other_observed_effects,11.020833
2025-10,1,cos_inventory_low_level,34.4875
2025-10,1,scrubbing_or_screening,106.581944
2025-10,1,desands_plant,53.066667
2025-10,1,plant_ramp_up_or_down,13.413889
2025-10,1,tertiary_crushing,2.358333
2025-10,1,tails_circuit,19.731944
2025-10,1,other_observed_effects,21.881944
2025-10,2,cos_inventory_low_level,37.829167
2025-10,2,scrubbing_or_screening,106.219444
2025-10,2,desands_plant,28.520833
2025-10,2,plant_ramp_up_or_down,5.440278
2025-10,2,tertiary_crushing,1.933333
2025-10,2,tails_circuit,16.790278
2025-10,2,other_observed_effects,16.615278
2025-10,3,cos_inventory_low_level,33.529167
2025-10,3,scrubbing_or_screening,144.059722
2025-10,3,desands_plant,50.758333
2025-10,3,plant_ramp_up_or_down,25.191667
2025-10,3,tertiary_crushing,4.419444
2025-10,3,tails_circuit,28.05
2025-10,3,other_observed_effects,9.1875
2025-10,4,cos_inventory_low_level,35.933333
2025-10,4,scrubbing_or_screening,90.013889
2025-10,4,desands_plant,20.015278
2025-10,4,plant_ramp_up_or_down,9.248611
2025-10,4,tertiary_crushing,1.852778
2025-10,4,tails_circuit,10.936111
2025-10,4,other_observed_effects,13.161111
2025-10,5,cos_inventory_low_level,22.618056
2025-10,5,scrubbing_or_screening,85.661111
2025-10,5,desands_plant,38.556944
2025-10,5,plant_ramp_up_or_down,8.490278
2025-10,5,tertiary_crushing,0.0
2025-10,5,tails_circuit,14.193056
2025-10,5,other_observed_effects,17.063889
2025-11,1,cos_inventory_low_level,77.955556
2025-11,1,scrubbing_or_screening,97.640278
2025-11,1,desands_plant,14.425
2025-11,1,plant_ramp_up_or_down,6.047222
2025-11,1,tertiary_crushing,4.172222
2025-11,1,tails_circuit,0.583333
2025-11,1,other_observed_effects,0.0
2025-11,2,cos_inventory_low_level,61.695833
2025-11,2,scrubbing_or_screening,93.684722
2025-11,2,desands_plant,11.391667
2025-11,2,plant_ramp_up_or_down,2.455556
2025-11,2,tertiary_crushing,4.351389
2025-11,2,tails_circuit,0.541667
2025-11,2,other_observed_effects,0.0
2025-11,3,cos_inventory_low_level,85.025
2025-11,3,scrubbing_or_screening,109.366667
2025-11,3,desands_plant,22.027778
2025-11,3,plant_ramp_up_or_down,5.191667
2025-11,3,tertiary_crushing,5.552778
2025-11,3,tails_circuit,0.594444
2025-11,3,other_observed_effects,0.0
2025-11,4,cos_inventory_low_level,77.809722
2025-11,4,scrubbing_or_screening,94.572222
2025-11,4,desands_plant,13.395833
2025-11,4,plant_ramp_up_or_down,4.131944
2025-11,4,tertiary_crushing,4.338889
2025-11,4,tails_circuit,0.540278
2025-11,4,other_observed_effects,0.0
2025-11,5,cos_inventory_low_level,76.820833
2025-11,5,scrubbing_or_screening,89.073611
2025-11,5,desands_plant,13.976389
2025-11,5,plant_ramp_up_or_down,4.745833
2025-11,5,tertiary_crushing,3.991667
2025-11,5,tails_circuit,0.611111
2025-11,5,other_observed_effects,0.0
2025-12,1,cos_inventory_low_level,239.575
2025-12,1,scrubbing_or_screening,66.144444
2025-12,1,desands_plant,11.076389
2025-12,1,plant_ramp_up_or_down,9.197222
2025-12,1,tertiary_crushing,7.876389
2025-12,1,tails_circuit,15.136111
2025-12,1,other_observed_effects,0.0
2025-12,2,cos_inventory_low_level,227.144444
2025-12,2,scrubbing_or_screening,75.275
2025-12,2,desands_plant,10.073611
2025-12,2,plant_ramp_up_or_down,8.894444
2025-12,2,tertiary_crushing,8.731944
2025-12,2,tails_circuit,14.913889
2025-12,2,other_observed_effects,0.0
2025-12,3,cos_inventory_low_level,243.180556
2025-12,3,scrubbing_or_screening,70.316667
2025-12,3,desands_plant,17.308333
2025-12,3,plant_ramp_up_or_down,10.981944
2025-12,3,tertiary_crushing,7.948611
2025-12,3,tails_circuit,15.506944
2025-12,3,other_observed_effects,0.0
2025-12,4,cos_inventory_low_level,223.016667
2025-12,4,scrubbing_or_screening,64.4375
2025-12,4,desands_plant,12.597222
2025-12,4,plant_ramp_up_or_down,7.083333
2025-12,4,tertiary_crushing,5.711111
2025-12,4,tails_circuit,14.769444
2025-12,4,other_observed_effects,0.0
2025-12,5,cos_inventory_low_level,223.894444
2025-12,5,scrubbing_or_screening,59.5375
2025-12,5,desands_plant,10.6375
2025-12,5,plant_ramp_up_or_down,11.381944
2025-12,5,tertiary_crushing,6.368056
2025-12,5,tails_circuit,15.959722
2025-12,5,other_observed_effects,0.0
2026-01,1,cos_inventory_low_level,15.473611
2026-01,1,scrubbing_or_screening,100.733333
2026-01,1,desands_plant,37.025
2026-01,1,plant_ramp_up_or_down,6.059722
2026-01,1,tertiary_crushing,14.115278
2026-01,1,tails_circuit,0.0
2026-01,1,other_observed_effects,0.104167
2026-01,2,cos_inventory_low_level,9.443056
2026-01,2,scrubbing_or_screening,71.0125
2026-01,2,desands_plant,33.326389
2026-01,2,plant_ramp_up_or_down,7.679167
2026-01,2,tertiary_crushing,5.3625
2026-01,2,tails_circuit,0.0
2026-01,2,other_observed_effects,0.0
2026-01,3,cos_inventory_low_level,15.438889
2026-01,3,scrubbing_or_screening,129.473611
2026-01,3,desands_plant,37.351389
2026-01,3,plant_ramp_up_or_down,7.268056
2026-01,3,tertiary_crushing,9.963889
2026-01,3,tails_circuit,0.0
2026-01,3,other_observed_effects,0.0
2026-01,4,cos_inventory_low_level,11.523611
2026-01,4,scrubbing_or_screening,90.494444
2026-01,4,desands_plant,29.736111
2026-01,4,plant_ramp_up_or_down,7.238889
2026-01,4,tertiary_crushing,12.516667
2026-01,4,tails_circuit,0.0
2026-01,4,other_observed_effects,0.055556
2026-01,5,cos_inventory_low_level,13.076389
2026-01,5,scrubbing_or_screening,126.476389
2026-01,5,desands_plant,35.8
2026-01,5,plant_ramp_up_or_down,8.598611
2026-01,5,tertiary_crushing,13.719444
2026-01,5,tails_circuit,0.052778
2026-01,5,other_observed_effects,0.0
2026-02,1,cos_inventory_low_level,19.313889
2026-02,1,scrubbing_or_screening,77.101389
2026-02,1,desands_plant,33.591667
2026-02,1,plant_ramp_up_or_down,10.411111
2026-02,1,tertiary_crushing,9.208333
2026-02,1,tails_circuit,42.633333
2026-02,1,other_observed_effects,0.0
2026-02,2,cos_inventory_low_level,15.819444
2026-02,2,scrubbing_or_screening,81.723611
2026-02,2,desands_plant,32.127778
2026-02,2,plant_ramp_up_or_down,7.448611
2026-02,2,tertiary_crushing,8.893056
2026-02,2,tails_circuit,41.713889
2026-02,2,other_observed_effects,0.0
2026-02,3,cos_inventory_low_level,19.948611
2026-02,3,scrubbing_or_screening,83.306944
2026-02,3,desands_plant,32.569444
2026-02,3,plant_ramp_up_or_down,11.302778
2026-02,3,tertiary_crushing,8.866667
2026-02,3,tails_circuit,45.225
2026-02,3,other_observed_effects,0.0
2026-02,4,cos_inventory_low_level,19.684722
2026-02,4,scrubbing_or_screening,59.918056
2026-02,4,desands_plant,40.036111
2026-02,4,plant_ramp_up_or_down,4.690278
2026-02,4,tertiary_crushing,7.934722
2026-02,4,tails_circuit,42.870833
2026-02,4,other_observed_effects,0.0
2026-02,5,cos_inventory_low_level,13.890278
2026-02,5,scrubbing_or_screening,61.127778
2026-02,5,desands_plant,38.922222
2026-02,5,plant_ramp_up_or_down,4.069444
2026-02,5,tertiary_crushing,6.9
2026-02,5,tails_circuit,34.177778
2026-02,5,other_observed_effects,0.0
2026-03,1,cos_inventory_low_level,31.059722
2026-03,1,scrubbing_or_screening,26.276389
2026-03,1,desands_plant,26.475
2026-03,1,plant_ramp_up_or_down,16.301389
2026-03,1,tertiary_crushing,6.347222
2026-03,1,tails_circuit,4.829167
2026-03,1,other_observed_effects,5.252778
2026-03,2,cos_inventory_low_level,31.383333
2026-03,2,scrubbing_or_screening,31.729167
2026-03,2,desands_plant,20.202778
2026-03,2,plant_ramp_up_or_down,18.645833
2026-03,2,tertiary_crushing,7.125
2026-03,2,tails_circuit,4.797222
2026-03,2,other_observed_effects,5.305556
2026-03,3,cos_inventory_low_level,35.051389
2026-03,3,scrubbing_or_screening,37.895833
2026-03,3,desands_plant,18.701389
2026-03,3,plant_ramp_up_or_down,16.418056
2026-03,3,tertiary_crushing,5.836111
2026-03,3,tails_circuit,4.851389
2026-03,3,other_observed_effects,4.868056
2026-03,4,cos_inventory_low_level,35.447222
2026-03,4,scrubbing_or_screening,34.945833
2026-03,4,desands_plant,15.406944
2026-03,4,plant_ramp_up_or_down,16.538889
2026-03,4,tertiary_crushing,5.880556
2026-03,4,tails_circuit,4.980556
2026-03,4,other_observed_effects,4.808333
2026-03,5,cos_inventory_low_level,35.676389
2026-03,5,scrubbing_or_screening,155.570833
2026-03,5,desands_plant,16.791667
2026-03,5,plant_ramp_up_or_down,20.122222
2026-03,5,tertiary_crushing,6.122222
2026-03,5,tails_circuit,4.883333
2026-03,5,other_observed_effects,5.145833
2026-04,1,cos_inventory_low_level,122.897222
2026-04,1,scrubbing_or_screening,35.956944
2026-04,1,desands_plant,54.201389
2026-04,1,plant_ramp_up_or_down,11.983333
2026-04,1,tertiary_crushing,8.197222
2026-04,1,tails_circuit,1.158333
2026-04,1,other_observed_effects,0.986111
2026-04,2,cos_inventory_low_level,147.679167
2026-04,2,scrubbing_or_screening,45.272222
2026-04,2,desands_plant,50.104167
2026-04,2,plant_ramp_up_or_down,11.130556
2026-04,2,tertiary_crushing,8.497222
2026-04,2,tails_circuit,1.536111
2026-04,2,other_observed_effects,0.891667
2026-04,3,cos_inventory_low_level,154.759722
2026-04,3,scrubbing_or_screening,43.697222
2026-04,3,desands_plant,57.206944
2026-04,3,plant_ramp_up_or_down,13.536111
2026-04,3,tertiary_crushing,13.143056
2026-04,3,tails_circuit,1.863889
2026-04,3,other_observed_effects,0.0
2026-04,4,cos_inventory_low_level,142.2625
2026-04,4,scrubbing_or_screening,43.890278
2026-04,4,desands_plant,45.334722
2026-04,4,plant_ramp_up_or_down,11.752778
2026-04,4,tertiary_crushing,11.004167
2026-04,4,tails_circuit,0.669444
2026-04,4,other_observed_effects,0.416667
2026-04,5,cos_inventory_low_level,150.704167
2026-04,5,scrubbing_or_screening,38.031944
2026-04,5,desands_plant,41.906944
2026-04,5,plant_ramp_up_or_down,10.840278
2026-04,5,tertiary_crushing,8.838889
2026-04,5,tails_circuit,1.052778
2026-04,5,other_observed_effects,2.233333
2026-05,1,cos_inventory_low_level,51.041389
2026-05,1,scrubbing_or_screening,27.423889
2026-05,1,desands_plant,30.945833
2026-05,1,plant_ramp_up_or_down,10.801389
2026-05,1,tertiary_crushing,16.948611
2026-05,1,tails_circuit,12.3875
2026-05,1,other_observed_effects,1.777778
2026-05,2,cos_inventory_low_level,43.029167
2026-05,2,scrubbing_or_screening,33.040278
2026-05,2,desands_plant,30.543056
2026-05,2,plant_ramp_up_or_down,18.036111
2026-05,2,tertiary_crushing,13.5
2026-05,2,tails_circuit,11.0625
2026-05,2,other_observed_effects,2.613889
2026-05,3,cos_inventory_low_level,36.666667
2026-05,3,scrubbing_or_screening,36.780556
2026-05,3,desands_plant,43.506944
2026-05,3,plant_ramp_up_or_down,16.284722
2026-05,3,tertiary_crushing,32.125
2026-05,3,tails_circuit,17.654167
2026-05,3,other_observed_effects,2.769444
2026-05,4,cos_inventory_low_level,47.534722
2026-05,4,scrubbing_or_screening,27.293056
2026-05,4,desands_plant,41.680556
2026-05,4,plant_ramp_up_or_down,14.211111
2026-05,4,tertiary_crushing,32.838889
2026-05,4,tails_circuit,13.695833
2026-05,4,other_observed_effects,3.313889
2026-05,5,cos_inventory_low_level,49.241944
2026-05,5,scrubbing_or_screening,48.274722
2026-05,5,desands_plant,34.547222
2026-05,5,plant_ramp_up_or_down,16.225
2026-05,5,tertiary_crushing,21.991667
2026-05,5,tails_circuit,16.036111
2026-05,5,other_observed_effects,3.975
2026-06,1,cos_inventory_low_level,128.316667
2026-06,1,scrubbing_or_screening,76.781944
2026-06,1,desands_plant,75.644444
2026-06,1,plant_ramp_up_or_down,21.834722
2026-06,1,tertiary_crushing,16.276389
2026-06,1,tails_circuit,5.986111
2026-06,1,other_observed_effects,29.440278
2026-06,2,cos_inventory_low_level,145.259722
2026-06,2,scrubbing_or_screening,50.195833
2026-06,2,desands_plant,70.4125
2026-06,2,plant_ramp_up_or_down,22.098611
2026-06,2,tertiary_crushing,13.55
2026-06,2,tails_circuit,5.622222
2026-06,2,other_observed_effects,13.8875
2026-06,3,cos_inventory_low_level,137.638889
2026-06,3,scrubbing_or_screening,58.209722
2026-06,3,desands_plant,73.823611
2026-06,3,plant_ramp_up_or_down,22.6375
2026-06,3,tertiary_crushing,20.748611
2026-06,3,tails_circuit,3.986111
2026-06,3,other_observed_effects,32.768056
2026-06,4,cos_inventory_low_level,148.372222
2026-06,4,scrubbing_or_screening,70.534722
2026-06,4,desands_plant,35.254167
2026-06,4,plant_ramp_up_or_down,20.104167
2026-06,4,tertiary_crushing,17.576389
2026-06,4,tails_circuit,0.088889
2026-06,4,other_observed_effects,40.755556
2026-06,5,cos_inventory_low_level,111.684722
2026-06,5,scrubbing_or_screening,71.180556
2026-06,5,desands_plant,51.118056
2026-06,5,plant_ramp_up_or_down,12.697222
2026-06,5,tertiary_crushing,13.097222
2026-06,5,tails_circuit,3.423611
2026-06,5,other_observed_effects,0.751389
2026-07,1,cos_inventory_low_level,29.369444
2026-07,1,scrubbing_or_screening,40.465278
2026-07,1,desands_plant,38.579167
2026-07,1,plant_ramp_up_or_down,16.004167
2026-07,1,tertiary_crushing,4.144444
2026-07,1,tails_circuit,0.0
2026-07,1,other_observed_effects,36.815277
2026-07,2,cos_inventory_low_level,29.452778
2026-07,2,scrubbing_or_screening,33.177778
2026-07,2,desands_plant,39.186111
2026-07,2,plant_ramp_up_or_down,9.076389
2026-07,2,tertiary_crushing,9.225
2026-07,2,tails_circuit,0.0
2026-07,2,other_observed_effects,36.416667
2026-07,3,cos_inventory_low_level,26.205556
2026-07,3,scrubbing_or_screening,43.144444
2026-07,3,desands_plant,37.723611
2026-07,3,plant_ramp_up_or_down,19.004167
2026-07,3,tertiary_crushing,12.668056
2026-07,3,tails_circuit,0.0
2026-07,3,other_observed_effects,38.297222000000005
2026-07,4,cos_inventory_low_level,37.922222
2026-07,4,scrubbing_or_screening,32.379167
2026-07,4,desands_plant,37.563889
2026-07,4,plant_ramp_up_or_down,17.143056
2026-07,4,tertiary_crushing,12.206944
2026-07,4,tails_circuit,0.054167
2026-07,4,other_observed_effects,44.515278
2026-07,5,cos_inventory_low_level,28.768056
2026-07,5,scrubbing_or_screening,23.773611
2026-07,5,desands_plant,40.1375
2026-07,5,plant_ramp_up_or_down,11.573611
2026-07,5,tertiary_crushing,8.865278
2026-07,5,tails_circuit,0.0
2026-07,5,other_observed_effects,41.379166
2026-08,1,cos_inventory_low_level,134.475
2026-08,1,scrubbing_or_screening,95.172222
2026-08,1,desands_plant,47.855556
2026-08,1,plant_ramp_up_or_down,30.945833
2026-08,1,tertiary_crushing,7.413889
2026-08,1,tails_circuit,1.365278
2026-08,1,other_observed_effects,0.0
2026-08,2,cos_inventory_low_level,138.084722
2026-08,2,scrubbing_or_screening,83.652778
2026-08,2,desands_plant,38.8125
2026-08,2,plant_ramp_up_or_down,26.315278
2026-08,2,tertiary_crushing,3.854167
2026-08,2,tails_circuit,1.247222
2026-08,2,other_observed_effects,0.0
2026-08,3,cos_inventory_low_level,141.997222
2026-08,3,scrubbing_or_screening,133.601389
2026-08,3,desands_plant,41.669444
2026-08,3,plant_ramp_up_or_down,35.968056
2026-08,3,tertiary_crushing,3.655556
2026-08,3,tails_circuit,1.691667
2026-08,3,other_observed_effects,0.0
2026-08,4,cos_inventory_low_level,131.568056
2026-08,4,scrubbing_or_screening,139.855556
2026-08,4,desands_plant,24.615278
2026-08,4,plant_ramp_up_or_down,40.213889
2026-08,4,tertiary_crushing,5.313889
2026-08,4,tails_circuit,1.825
2026-08,4,other_observed_effects,0.0
2026-08,5,cos_inventory_low_level,136.35
2026-08,5,scrubbing_or_screening,84.029167
2026-08,5,desands_plant,25.176389
2026-08,5,plant_ramp_up_or_down,18.394444
2026-08,5,tertiary_crushing,7.272222
2026-08,5,tails_circuit,1.570833
2026-08,5,other_observed_effects,0.0
2026-09,1,cos_inventory_low_level,41.395833
2026-09,1,scrubbing_or_screening,56.984722
2026-09,1,desands_plant,61.798611
2026-09,1,plant_ramp_up_or_down,8.308333
2026-09,1,tertiary_crushing,12.011111
2026-09,1,tails_circuit,7.861111
2026-09,1,other_observed_effects,0.2125
2026-09,2,cos_inventory_low_level,37.290278
2026-09,2,scrubbing_or_screening,62.105556
2026-09,2,desands_plant,59.8
2026-09,2,plant_ramp_up_or_down,10.7125
2026-09,2,tertiary_crushing,10.479167
2026-09,2,tails_circuit,12.277778
2026-09,2,other_observed_effects,0.701389
2026-09,3,cos_inventory_low_level,19.422222
2026-09,3,scrubbing_or_screening,90.695833
2026-09,3,desands_plant,92.25
2026-09,3,plant_ramp_up_or_down,10.272222
2026-09,3,tertiary_crushing,3.073611
2026-09,3,tails_circuit,8.318056
2026-09,3,other_observed_effects,8.463889
2026-09,4,cos_inventory_low_level,31.448611
2026-09,4,scrubbing_or_screening,67.054167
2026-09,4,desands_plant,76.4875
2026-09,4,plant_ramp_up_or_down,15.354167
2026-09,4,tertiary_crushing,11.715278
2026-09,4,tails_circuit,12.579167
2026-09,4,other_observed_effects,7.266667
2026-09,5,cos_inventory_low_level,37.865278
2026-09,5,scrubbing_or_screening,52.902778
2026-09,5,desands_plant,67.625
2026-09,5,plant_ramp_up_or_down,11.161111
2026-09,5,tertiary_crushing,10.673611
2026-09,5,tails_circuit,11.841667
2026-09,5,other_observed_effects,2.734722
