production_month,scrubber_number,measured_feed_tonnes,net_rate_tph,calendar_hours,not_required_hours,required_hours,scheduled_maintenance_hours,unscheduled_maintenance_hours,available_hours,operating_standby_hours,operating_hours,operating_delay_hours,working_hours,non_productive_hours,productive_hours,full_rate_hours,reduced_rate_hours,observed_full_rate_tph,observed_reduced_rate_tph,plant_feed_wmt,plant_fines_wmt,plant_lump_wmt,plant_output_wmt,yield_wmt
2025-05,1,1233550.0,2395.008895820829,744.0,0.0,744.0,163.855833,32.858889,547.2852780000001,6.780833,540.504445,19.677222,520.827223,5.776944,515.050279,440.14555700000005,74.904722,2521.27868852459,1857.391304347826,6971188.0,3790964.084,1955584.73,5746548.813999999,0.8243284808844632
2025-05,2,1270100.0,2381.779879369047,744.0,0.0,744.0,151.388889,31.130833,561.4802779999999,4.261944,557.2183339999999,18.178889,539.0394449999999,5.782778,533.2566669999999,372.8636109999999,160.393056,2625.7261410788383,1928.2051282051282,6971188.0,3790964.084,1955584.73,5746548.813999999,0.8243284808844632
2025-05,3,1393900.0,2433.7985875416107,744.0,0.0,744.0,13.166667,129.044444,601.788889,3.148056,598.640833,18.063611,580.577222,7.851111,572.7261110000001,460.366389,112.359722,2602.140672782875,1897.7272727272727,6971188.0,3790964.084,1955584.73,5746548.813999999,0.8243284808844632
2025-05,4,1485400.0,2324.091768242038,744.0,0.0,744.0,7.991667,65.131389,670.876944,4.484722,666.392222,20.121944,646.270278,7.138889,639.131389,528.017778,111.113611,2430.077120822622,1920.0,6971188.0,3790964.084,1955584.73,5746548.813999999,0.8243284808844632
2025-05,5,1587600.0,2433.0216241739145,744.0,0.0,744.0,18.95,38.013611,687.036389,5.148056,681.888333,21.490278,660.398055,7.876111,652.521944,507.97916599999996,144.542778,2651.4619883040937,1905.8823529411766,6971188.0,3790964.084,1955584.73,5746548.813999999,0.8243284808844632
2025-06,1,1547190.0,2406.4236023552407,720.0,0.0,720.0,0.0,42.455556,677.544444,6.545833,670.998611,22.313889,648.684722,5.743056,642.9416659999999,490.37499899999995,152.566667,2566.697247706422,1840.2083333333333,7142198.0,4017543.273,1724220.203,5741763.476,0.8039210724765681
2025-06,2,1520400.0,2409.5925098073576,720.0,0.0,720.0,14.833333,41.156944,664.009723,10.164722,653.845001,17.118333,636.726668,5.748611,630.978057,511.175557,119.8025,2545.026178010471,1875.5555555555557,7142198.0,4017543.273,1724220.203,5741763.476,0.8039210724765681
2025-06,3,1331100.0,2384.427449958721,720.0,0.0,720.0,0.359722,52.363889,667.276389,83.063889,584.2125,20.205556,564.006944,5.759722,558.247222,448.86083299999996,109.386389,2516.1993769470405,1855.5555555555557,7142198.0,4017543.273,1724220.203,5741763.476,0.8039210724765681
2025-06,4,1140500.0,2294.3698021874425,720.0,0.0,720.0,111.5,85.624722,522.875278,3.251389,519.623889,16.727778,502.89611099999996,5.809722,497.08638899999994,399.49194499999993,97.594444,2380.0699300699303,1866.6666666666667,7142198.0,4017543.273,1724220.203,5741763.476,0.8039210724765681
2025-06,5,1245300.0,2322.6083227555464,720.0,0.0,720.0,91.085278,64.477778,564.436944,7.25,557.186944,17.239444,539.9475,3.783056,536.164444,391.128333,145.036111,2505.714285714286,1865.7894736842106,7142198.0,4017543.273,1724220.203,5741763.476,0.8039210724765681
2025-07,1,974610.0,2162.5295105088344,744.0,5.615278,738.384722,219.218056,24.788889,494.3777770000001,19.231944,475.1458330000001,15.2,459.9458330000001,9.265278,450.6805550000001,212.7486110000001,237.931944,2450.674157303371,1869.7560975609756,4676638.0,2491410.852,1143849.123,3635259.9749999996,0.7773233624240319
2025-07,2,1012300.0,2174.942934711842,744.0,0.0,744.0,221.277778,13.752778,508.969444,19.479167,489.490277,12.813889,476.676388,11.238889,465.437499,240.513888,224.923611,2417.910447761194,1889.4736842105262,4676638.0,2491410.852,1143849.123,3635259.9749999996,0.7773233624240319
2025-07,3,1005000.0,2172.111957186061,744.0,0.0,744.0,218.859722,18.476389,506.663889,19.440278,487.223611,13.298611,473.925,11.241667,462.683333,251.31805500000002,211.365278,2392.0289855072465,1868.6440677966102,4676638.0,2491410.852,1143849.123,3635259.9749999996,0.7773233624240319
2025-07,4,921700.0,2138.4530660675805,744.0,0.0,744.0,241.876389,28.627778,473.495833,23.065278,450.430555,8.779167,441.65138800000005,10.638889,431.01249900000005,232.90138800000005,198.111111,2352.032520325203,1885.5855855855855,4676638.0,2491410.852,1143849.123,3635259.9749999996,0.7773233624240319
2025-07,5,992800.0,2175.8807736562385,744.0,0.0,744.0,201.476389,12.627778,529.8958329999999,51.922222,477.97361099999995,11.059722,466.9138889999999,10.638889,456.2749999999999,222.91388899999993,233.361111,2437.0689655172414,1873.7704918032787,4676638.0,2491410.852,1143849.123,3635259.9749999996,0.7773233624240319
2025-08,1,1380560.0,2559.4970387350095,744.0,0.0,744.0,131.0,19.465278,593.534722,43.872222,549.6625,9.331944,540.330556,0.943333,539.387223,446.9205559999999,92.466667,2726.9968051118212,1839.4594594594594,5282012.0,2944099.529,1467194.984,4411294.513,0.8351542012778465
2025-08,2,1308400.0,2519.74771871403,744.0,4.625,739.375,131.0,12.517222,595.857778,33.325,562.532778,41.543889,520.988889,1.730556,519.258333,424.918055,94.340278,2709.090909090909,1711.904761904762,5282012.0,2944099.529,1467194.984,4411294.513,0.8351542012778465
2025-08,3,1355900.0,2536.1517641445666,744.0,0.0,744.0,131.0,24.734167,588.265833,37.051389,551.2144440000001,15.642222,535.5722220000001,0.943333,534.6288890000001,444.47194500000006,90.156944,2720.9876543209875,1683.7837837837837,5282012.0,2944099.529,1467194.984,4411294.513,0.8351542012778465
2025-08,4,0.0,0.0,744.0,0.0,744.0,240.0,503.998889,0.0011109999999803222,0.0,0.0011109999999803222,0.0,0.0011109999999803222,0.0,0.0011109999999803222,0.0011109999999803222,0.0,,,5282012.0,2944099.529,1467194.984,4411294.513,0.8351542012778465
2025-08,5,1330900.0,2577.4819713909105,744.0,0.0,744.0,131.0,72.548611,540.4513890000001,15.858333,524.593056,7.293056,517.3000000000001,0.943333,516.356667,431.973334,84.383333,2723.2919254658386,1835.8974358974358,5282012.0,2944099.529,1467194.984,4411294.513,0.8351542012778465
2025-09,1,1283120.0,2911.155291746111,720.0,0.0,720.0,140.245833,17.101389,562.652778,105.569444,457.08333400000004,16.323611,440.759723,0.0,440.759723,322.993056,117.766667,2587.682926829268,1838.0555555555557,6455843.0,3665889.745,1620131.689,5286021.434,0.8187964660850644
2025-09,2,1299400.0,2393.852942308711,720.0,0.0,720.0,119.895833,36.443056,563.661111,4.830556,558.830555,16.023611,542.806944,0.0,542.806944,404.706944,138.1,2553.9748953974895,1858.0,6455843.0,3665889.745,1620131.689,5286021.434,0.8187964660850644
2025-09,3,1389900.0,2302.864058725283,720.0,0.0,720.0,57.5,21.783333,640.716667,12.247222,628.4694450000001,24.5,603.9694450000001,0.416667,603.5527780000001,446.19305600000007,157.359722,2490.874524714829,1590.566037735849,6455843.0,3665889.745,1620131.689,5286021.434,0.8187964660850644
2025-09,4,1207200.0,2457.168381872104,720.0,0.0,720.0,0.0,179.861111,540.1388890000001,29.466667,510.67222200000003,18.958333,491.71388900000005,0.416667,491.29722200000003,386.934722,104.3625,2502.681992337165,1858.974358974359,6455843.0,3665889.745,1620131.689,5286021.434,0.8187964660850644
2025-09,5,1535600.0,2443.3748359123274,720.0,0.0,720.0,8.558333,47.8875,663.554167,4.494444,659.059723,30.168056,628.891667,0.416667,628.475,478.18194400000004,150.293056,2612.7272727272725,1835.7142857142858,6455843.0,3665889.745,1620131.689,5286021.434,0.8187964660850644
2025-10,1,1563420.0,2310.1078001250435,744.0,2.801389,741.198611,0.0,34.656944,706.5416670000001,4.873611,701.6680560000001,24.894444,676.7736120000001,0.0,676.7736120000001,425.2513900000001,251.522222,2511.837606837607,1827.117117117117,6933285.0,3827091.446,1780313.872,5607405.318,0.8087660204362002
2025-10,2,1530300.0,2368.1166431474444,744.0,0.0,744.0,0.0,55.058333,688.941667,4.223611,684.718056,38.508333,646.209723,0.0,646.209723,432.86111200000005,213.348611,2521.7898832684823,1848.9795918367347,6933285.0,3827091.446,1780313.872,5607405.318,0.8087660204362002
2025-10,3,1317300.0,2185.745103390464,744.0,0.0,744.0,63.0,44.088889,636.911111,4.490278,632.420833,29.743056,602.677777,0.0,602.677777,307.481944,295.195833,2402.919708029197,1791.0179640718563,6933285.0,3827091.446,1780313.872,5607405.318,0.8087660204362002
2025-10,4,1320220.0,2349.169127463528,744.0,0.0,744.0,116.05,27.983333,599.966667,3.311111,596.655556,34.661111,561.994445,0.0,561.994445,380.83333400000004,181.161111,2477.6271186440677,1846.2962962962963,6933285.0,3827091.446,1780313.872,5607405.318,0.8087660204362002
2025-10,5,1187500.0,2444.4565186301397,744.0,0.0,744.0,184.091667,36.938889,522.969444,7.141667,515.827777,30.034722,485.793055,0.0,485.793055,299.20972199999994,186.583333,2578.395061728395,1820.9876543209878,6933285.0,3827091.446,1780313.872,5607405.318,0.8087660204362002
2025-11,1,1005970.0,2205.658040295689,720.0,0.0,720.0,195.473611,21.469444,503.056945,34.8875,468.169445,12.083333,456.086112,0.0,456.086112,255.26250100000001,200.823611,2480.4379562043796,1822.2522522522522,4587770.0,2507662.728,1223237.365,3730900.0930000003,0.8132273616593684
2025-11,2,812000.0,2138.029899026351,720.0,0.0,720.0,266.472222,62.251389,391.276389,3.768056,387.508333,7.719444,379.788889,0.0,379.788889,205.66805599999998,174.120833,2391.6666666666665,1801.8867924528302,4587770.0,2507662.728,1223237.365,3730900.0930000003,0.8132273616593684
2025-11,3,978700.0,2136.387753849066,720.0,0.0,720.0,195.473611,24.1,500.426389,29.626389,470.79999999999995,12.690278,458.109722,0.0,458.109722,230.35138899999998,227.758333,2444.954128440367,1817.5,4587770.0,2507662.728,1223237.365,3730900.0930000003,0.8132273616593684
2025-11,4,1003930.0,2190.200250881807,720.0,0.0,720.0,195.473611,22.333333,502.193056,30.861111,471.331945,12.958333,458.37361200000004,0.0,458.37361200000004,263.58472300000005,194.788889,2422.1428571428573,1846.6964285714287,4587770.0,2507662.728,1223237.365,3730900.0930000003,0.8132273616593684
2025-11,5,993100.0,2208.9000776836187,720.0,0.0,720.0,195.4625,27.994444,496.54305600000004,32.716667,463.82638900000006,14.236111,449.59027800000007,0.0,449.59027800000007,260.37083400000006,189.219444,2466.891891891892,1827.1844660194174,4587770.0,2507662.728,1223237.365,3730900.0930000003,0.8132273616593684
2025-12,1,1398930.0,2125.3156658086814,744.0,0.0,744.0,0.0,26.573611,717.426389,36.8,680.626389,14.326389,666.3000000000001,8.077778,658.2222220000001,309.2166660000001,349.005556,2413.3986928104573,1842.2043010752689,6873370.0,3976852.696,1876099.481,5852952.177,0.8515403909581472
2025-12,2,1404900.0,2123.4216486650444,744.0,0.0,744.0,0.0,17.677778,726.322222,35.363889,690.958333,21.351389,669.606944,7.986111,661.620833,316.5874999999999,345.033333,2391.5730337078653,1868.6274509803923,6873370.0,3976852.696,1876099.481,5852952.177,0.8515403909581472
2025-12,3,1402500.0,2119.4693987471983,744.0,0.0,744.0,0.0,24.455556,719.544444,35.684722,683.859722,14.044444,669.815278,8.093056,661.722222,296.47916599999996,365.243056,2420.1342281879197,1851.4563106796118,6873370.0,3976852.696,1876099.481,5852952.177,0.8515403909581472
2025-12,4,1410880.0,2144.366531187157,744.0,0.0,744.0,0.0,22.266667,721.733333,38.479167,683.254166,17.488889,665.7652770000001,7.818056,657.9472210000001,330.33194300000014,327.615278,2411.7204301075267,1874.21875,6873370.0,3976852.696,1876099.481,5852952.177,0.8515403909581472
2025-12,5,1403900.0,2152.129758815299,744.0,0.0,744.0,0.0,27.926389,716.073611,40.268056,675.805555,15.465278,660.340277,8.009722,652.330555,324.55138800000003,327.779167,2438.953488372093,1842.6966292134832,6873370.0,3976852.696,1876099.481,5852952.177,0.8515403909581472
2026-01,1,1253630.0,2378.5161984821234,744.0,0.0,744.0,113.748611,27.731944,602.519445,39.4125,563.106945,33.070833,530.036112,2.972222,527.06389,353.552779,173.511111,2565.1396648044692,1812.2916666666667,6324305.0,3415842.58,1771900.736,5187743.316,0.820286705970063
2026-01,2,1196800.0,2488.3508720936898,744.0,0.0,744.0,180.418056,32.970833,530.611111,29.833333,500.77777800000007,16.816667,483.9611110000001,3.0,480.9611110000001,354.13750000000005,126.823611,2571.2264150943397,1880.0,6324305.0,3415842.58,1771900.736,5187743.316,0.820286705970063
2026-01,3,1277500.0,2390.233261788179,744.0,0.0,744.0,83.229167,49.043056,611.7277770000001,43.479167,568.2486100000001,30.751389,537.4972210000001,3.030556,534.466665,334.97083200000003,199.495833,2592.3529411764707,1880.327868852459,6324305.0,3415842.58,1771900.736,5187743.316,0.820286705970063
2026-01,4,1242470.0,2372.7170738165096,744.0,0.0,744.0,0.0,145.077778,598.922222,43.1,555.822222,29.094444,526.7277780000001,3.079167,523.6486110000001,372.08333300000004,151.565278,2508.73786407767,1834.8936170212767,6324305.0,3415842.58,1771900.736,5187743.316,0.820286705970063
2026-01,5,1439700.0,2380.866414867456,744.0,0.0,744.0,0.0,53.715278,690.284722,49.779167,640.505555,32.677778,607.827777,3.131944,604.695833,406.972222,197.723611,2549.537037037037,1825.9259259259259,6324305.0,3415842.58,1771900.736,5187743.316,0.820286705970063
2026-02,1,1454400.0,2368.8368103402568,672.0,0.0,672.0,0.0,15.077778,656.922222,22.127778,634.794444,19.7875,615.006944,1.034722,613.972222,421.7125,192.259722,2558.0582524271845,1829.1919191919192,6269232.0,3320508.589,1802056.725,5122565.314,0.8170961473430877
2026-02,2,1445500.0,2367.5482385537744,672.0,0.0,672.0,0.0,19.754167,652.245833,18.490278,633.755555,22.173611,611.5819439999999,1.034722,610.5472219999999,422.8208329999999,187.726389,2540.0,1844.5544554455446,6269232.0,3320508.589,1802056.725,5122565.314,0.8170961473430877
2026-02,3,1328000.0,2321.0076721922296,672.0,0.0,672.0,0.0,55.534722,616.465278,18.658333,597.806945,24.6,573.206945,1.041667,572.1652780000001,370.94583400000005,201.219444,2522.357723577236,1825.0,6269232.0,3320508.589,1802056.725,5122565.314,0.8170961473430877
2026-02,4,1225320.0,2356.1643593278704,672.0,0.0,672.0,105.205556,10.765278,556.029166,14.693056,541.3361100000001,20.229167,521.1069430000001,1.058333,520.0486100000002,344.91388800000016,175.134722,2559.0376569037658,1849.2929292929293,6269232.0,3320508.589,1802056.725,5122565.314,0.8170961473430877
2026-02,5,994000.0,2278.6623712704195,672.0,0.0,672.0,178.181944,15.695833,478.122223,14.259722,463.862501,26.566667,437.295834,1.075,436.220834,277.133334,159.0875,2393.2291666666665,1817.9775280898875,6269232.0,3320508.589,1802056.725,5122565.314,0.8170961473430877
2026-03,1,926470.0,2275.6013465747606,744.0,0.0,744.0,230.002778,66.465278,447.53194399999995,18.944444,428.5875,11.977778,416.609722,9.477778,407.131944,290.59027699999996,116.541667,2452.3762376237623,1682.608695652174,4779556.0,2538964.495,1431899.512,3970864.007,0.8308018583734557
2026-03,2,1007800.0,2304.4280472125124,744.0,0.0,744.0,194.069444,67.572222,482.358334,21.515278,460.843056,14.034722,446.808334,9.476389,437.331945,318.143056,119.188889,2431.5555555555557,1874.0740740740741,4779556.0,2538964.495,1431899.512,3970864.007,0.8308018583734557
2026-03,3,992700.0,2304.3546922910473,744.0,0.0,744.0,191.466667,82.381944,470.151389,13.258333,456.893056,16.431944,440.461112,9.668056,430.79305600000004,307.170834,123.622222,2446.6019417475727,1836.1702127659576,4779556.0,2538964.495,1431899.512,3970864.007,0.8308018583734557
2026-03,4,987030.0,2300.7841295531744,744.0,0.0,744.0,191.466667,69.661111,482.87222199999997,22.468056,460.404166,21.506944,438.897222,9.9,428.997222,310.98888900000003,118.008333,2445.2093023255816,1821.0204081632653,4779556.0,2538964.495,1431899.512,3970864.007,0.8308018583734557
2026-03,5,912700.0,2177.8123901027357,744.0,0.0,744.0,191.418056,83.020833,469.56111100000004,21.677778,447.88333300000005,18.273611,429.60972200000003,10.519444,419.090278,174.777778,244.3125,2327.6785714285716,1989.375,4779556.0,2538964.495,1431899.512,3970864.007,0.8308018583734557
2026-04,1,1259800.0,2252.8332552322527,720.0,7.7,712.3,0.0,20.8875,691.4124999999999,93.818056,597.594444,27.847222,569.747222,10.540278,559.206944,323.826388,235.380556,2539.7169811320755,1790.0980392156862,6111798.0,3331832.487,1697637.512,5029469.999,0.8229116863809962
2026-04,2,1254800.0,2204.4007202775706,720.0,0.716667,719.283333,0.0,19.931944,699.3513889999999,96.573611,602.7777779999999,23.011111,579.7666669999999,10.541667,569.2249999999999,304.1138889999999,265.111111,2464.406779661017,1855.3846153846155,6111798.0,3331832.487,1697637.512,5029469.999,0.8229116863809962
2026-04,3,1198500.0,2103.205551121938,720.0,0.0,720.0,0.0,34.586111,685.413889,81.076389,604.3375000000001,23.794444,580.5430560000001,10.698611,569.8444450000001,285.63750100000004,284.206944,2475.595238095238,1633.3333333333333,6111798.0,3331832.487,1697637.512,5029469.999,0.8229116863809962
2026-04,4,1231920.0,2192.245182158968,720.0,0.0,720.0,0.0,22.977778,697.022222,97.591667,599.430555,26.688889,572.741666,10.797222,561.944444,306.613888,255.330556,2478.125,1853.2520325203252,6111798.0,3331832.487,1697637.512,5029469.999,0.8229116863809962
2026-04,5,1183800.0,2185.6058186757086,720.0,7.866667,712.133333,0.0,47.586111,664.547222,88.425,576.1222220000001,23.655556,552.466666,10.831944,541.634722,288.026389,253.608333,2458.9595375722542,1850.0,6111798.0,3331832.487,1697637.512,5029469.999,0.8229116863809962
2026-05,1,1149400.0,2353.050901537347,744.0,23.841667,720.158333,181.327778,7.047222,531.783333,17.054167,514.729166,21.080556,493.64860999999996,5.176389,488.472221,337.145832,151.326389,2544.3137254901962,1890.754716981132,6674520.0,3611813.863,1911792.222,5523606.085,0.827566039954933
2026-05,2,1296900.0,2408.8162921464696,744.0,4.658333,739.341667,100.354167,47.4875,591.5000000000001,15.729167,575.7708330000002,32.198611,543.5722220000001,5.175,538.3972220000002,386.5722220000002,151.825,2563.529411764706,1864.7058823529412,6674520.0,3611813.863,1911792.222,5523606.085,0.827566039954933
2026-05,3,1387500.0,2391.725921137686,744.0,0.308333,743.691667,84.743056,16.222222,642.726389,22.459722,620.2666670000001,34.95,585.316667,5.191667,580.125,394.3375,185.7875,2548.995983935743,1869.8412698412699,6674520.0,3611813.863,1911792.222,5523606.085,0.827566039954933
2026-05,4,1585570.0,2415.355225272499,744.0,0.334722,743.665278,0.0,20.754167,722.9111109999999,30.402778,692.5083329999999,30.402778,662.1055549999999,5.651389,656.4541659999999,475.88610999999986,180.568056,2581.894409937888,1901.3846153846155,6674520.0,3611813.863,1911792.222,5523606.085,0.827566039954933
2026-05,5,1224700.0,2342.030895753365,744.0,0.0,744.0,0.0,161.018056,582.981944,21.055556,561.926388,33.409722,528.516666,5.594444,522.922222,332.6305550000001,190.291667,2504.4554455445545,1855.1724137931035,6674520.0,3611813.863,1911792.222,5523606.085,0.827566039954933
2026-06,1,1352840.0,2165.3764711889935,720.0,1.279167,718.720833,0.929167,27.554167,690.237499,34.109722,656.1277769999999,27.463889,628.6638879999999,3.904167,624.7597209999999,270.4791649999999,354.280556,2464.705882352941,1921.439393939394,6563352.0,3512566.537,1878848.135,5391414.672,0.8214422557254282
2026-06,2,1412100.0,2187.4935431297185,720.0,0.0,720.0,1.095833,28.306944,690.597223,23.552778,667.044445,17.625,649.419445,3.886111,645.533334,324.506945,321.026389,2456.0975609756097,1930.921052631579,6563352.0,3512566.537,1878848.135,5391414.672,0.8214422557254282
2026-06,3,1368100.0,2148.7684786039717,720.0,0.0,720.0,1.063889,31.863889,687.072222,23.326389,663.7458330000001,23.173611,640.572222,3.881944,636.690278,286.87777800000003,349.8125,2393.3333333333335,1915.748031496063,6563352.0,3512566.537,1878848.135,5391414.672,0.8214422557254282
2026-06,4,1007320.0,2058.1878212401557,720.0,0.0,720.0,162.644444,25.791667,531.563889,25.831944,505.731945,14.708333,491.023612,1.602778,489.420834,156.73472300000003,332.686111,2297.6388888888887,1909.025641025641,6563352.0,3512566.537,1878848.135,5391414.672,0.8214422557254282
2026-06,5,1168500.0,2189.9679806440186,720.0,6.838889,713.161111,93.851389,42.05,577.259722,18.311111,558.948611,21.344444,537.6041670000001,4.034722,533.5694450000001,269.61666700000006,263.952778,2395.8333333333335,1928.421052631579,6563352.0,3512566.537,1878848.135,5391414.672,0.8214422557254282
2026-07,1,621200.0,2033.988950751214,744.0,0.0,744.0,313.688889,54.275,376.036111,26.895833,349.140278,37.638889,311.501389,6.091667,305.40972200000004,140.03194400000004,165.377778,2401.6949152542375,1259.7101449275362,3274231.0,1821421.032,931977.7792,2753398.8112,0.840929919483384
2026-07,2,683100.0,2069.8344885076276,744.0,0.0,744.0,313.779167,34.636389,395.584444,36.347222,359.23722200000003,23.119167,336.118055,6.091667,330.02638800000005,173.49166600000007,156.534722,2466.6666666666665,1261.1940298507463,3274231.0,1821421.032,931977.7792,2753398.8112,0.840929919483384
2026-07,3,640200.0,1969.2065797854286,744.0,0.0,744.0,313.6,43.336111,387.06388899999996,36.595833,350.46805599999993,21.866667,328.6013889999999,3.495833,325.1055559999999,148.06249999999991,177.043056,2400.0,1327.8481012658228,3274231.0,1821421.032,931977.7792,2753398.8112,0.840929919483384
2026-07,4,649770.0,2052.256306999882,744.0,0.0,744.0,313.893056,23.665278,406.441666,47.295833,359.145833,36.233333,322.91249999999997,6.3,316.61249999999995,134.82777799999997,181.784722,2480.923076923077,1326.144578313253,3274231.0,1821421.032,931977.7792,2753398.8112,0.840929919483384
2026-07,5,677800.0,2073.637200461531,744.0,0.0,744.0,314.608333,21.422222,407.969445,49.077778,358.891667,25.740278,333.151389,6.286111,326.865278,172.368056,154.497222,2437.373737373737,1313.6363636363637,3274231.0,1821421.032,931977.7792,2753398.8112,0.840929919483384
2026-08,1,1371360.0,2205.645355850422,744.0,2.276389,741.723611,0.0,25.568056,716.155555,49.708333,666.447222,44.445833,622.001389,0.251389,621.75,304.522222,317.227778,2337.709923664122,1844.0625,6913387.0,3908058.995,1954899.355,5862958.35,0.8480587518100751
2026-08,2,1427300.0,2253.6266375744353,744.0,0.0,744.0,0.0,5.641667,738.358333,58.588889,679.769444,46.15,633.619444,0.284722,633.334722,341.3680550000001,291.966667,2337.7659574468084,1884.126984126984,6913387.0,3908058.995,1954899.355,5862958.35,0.8480587518100751
2026-08,3,1424800.0,2256.55283550189,744.0,0.0,744.0,0.0,5.895833,738.104167,46.106944,691.997223,60.306944,631.6902789999999,0.284722,631.4055569999999,272.82222399999995,358.583333,2366.101694915254,1863.1944444444443,6913387.0,3908058.995,1954899.355,5862958.35,0.8480587518100751
2026-08,4,1398870.0,2163.777296127854,744.0,0.0,744.0,0.0,9.822222,734.177778,42.986111,691.1916669999999,44.368056,646.8236109999999,0.329167,646.4944439999999,303.10277699999995,343.391667,2170.0581395348836,1882.68156424581,6913387.0,3908058.995,1954899.355,5862958.35,0.8480587518100751
2026-08,5,1406300.0,2201.897587292835,744.0,0.0,744.0,0.0,9.4125,734.5875,55.036111,679.551389,40.623611,638.927778,0.251389,638.676389,365.883333,272.793056,2219.191919191919,1856.6666666666667,6913387.0,3908058.995,1954899.355,5862958.35,0.8480587518100751
2026-09,1,1261350.0,2447.8105910537765,720.0,8.933333,711.066667,147.611111,24.495833,538.9597230000002,17.552778,521.4069450000002,4.975,516.4319450000002,1.134722,515.2972230000001,326.72500100000013,188.572222,2601.92118226601,1858.7692307692307,6609575.0,3780685.48,1907422.777,5688108.257,0.8605860826149941
2026-09,2,1314200.0,2306.1141381905645,720.0,29.076389,690.923611,94.797222,0.433333,595.6930560000001,20.825,574.868056,3.869444,570.998612,1.122222,569.87639,376.509723,193.366667,2583.6,1843.75,6609575.0,3780685.48,1907422.777,5688108.257,0.8605860826149941
2026-09,3,1192200.0,2351.782090002507,720.0,0.0,720.0,116.451389,23.630556,579.918055,19.194444,560.723611,52.677778,508.045833,1.111111,506.934722,274.438889,232.495833,2404.575163398693,1785.7142857142858,6609575.0,3780685.48,1907422.777,5688108.257,0.8605860826149941
2026-09,4,1552150.0,2343.0300233027747,720.0,5.547222,714.452778,0.0,1.368056,713.0847219999999,28.936111,684.148611,20.513889,663.634722,1.180556,662.454166,440.54861,221.905556,2556.572438162544,1855.0588235294117,6609575.0,3780685.48,1907422.777,5688108.257,0.8605860826149941
2026-09,5,1464700.0,2316.3008924927,720.0,6.288889,713.711111,0.0,14.938889,698.7722219999999,31.816667,666.9555549999999,33.327778,633.6277769999999,1.283333,632.344444,437.54027699999995,194.804167,2428.975265017668,1805.9701492537313,6609575.0,3780685.48,1907422.777,5688108.257,0.8605860826149941
